transaction_id,customer_id,amount,status,failure_reason,attempts,customer_type,transaction_date
TXN00001,CUST0001,7999,failed,bank_declined,2,returning,2026-06-02
TXN00002,CUST0002,14999,success,,1,loyal,2026-06-24
TXN00003,CUST0003,999,success,,1,returning,2026-07-30
TXN00004,CUST0004,799,success,,1,loyal,2026-06-11
TXN00005,CUST0005,2999,failed,insufficient_funds,3,loyal,2026-07-20
TXN00006,CUST0006,14999,failed,bank_timeout,4,loyal,2026-08-01
TXN00007,CUST0007,4999,success,,1,returning,2026-07-17
TXN00008,CUST0008,1999,failed,bank_timeout,2,loyal,2026-05-30
TXN00009,CUST0009,9999,success,,1,returning,2026-06-28
TXN00010,CUST0010,1999,success,,1,new,2026-07-21
TXN00011,CUST0011,9999,success,,1,new,2026-07-15
TXN00012,CUST0012,1999,failed,bank_declined,3,new,2026-08-16
TXN00013,CUST0013,799,success,,1,new,2026-08-24
TXN00014,CUST0014,2999,success,,1,returning,2026-08-20
TXN00015,CUST0015,14999,success,,1,loyal,2026-08-23
TXN00016,CUST0016,499,success,,1,loyal,2026-08-18
TXN00017,CUST0017,999,failed,insufficient_funds,1,returning,2026-08-25
TXN00018,CUST0018,799,success,,1,returning,2026-08-21
TXN00019,CUST0019,7999,success,,1,loyal,2026-06-03
TXN00020,CUST0020,9999,success,,1,new,2026-06-18
TXN00021,CUST0021,7999,failed,bank_timeout,1,new,2026-07-09
TXN00022,CUST0022,9999,success,,1,returning,2026-06-06
TXN00023,CUST0023,2999,success,,1,returning,2026-07-13
TXN00024,CUST0024,7999,success,,1,new,2026-06-15
TXN00025,CUST0025,799,success,,1,returning,2026-06-12
TXN00026,CUST0026,14999,failed,insufficient_funds,4,returning,2026-07-25
TXN00027,CUST0027,14999,success,,1,returning,2026-06-18
TXN00028,CUST0028,999,success,,1,returning,2026-06-22
TXN00029,CUST0029,9999,success,,1,returning,2026-08-05
TXN00030,CUST0030,9999,success,,1,new,2026-07-01
TXN00031,CUST0031,999,success,,1,new,2026-05-30
TXN00032,CUST0032,499,success,,1,returning,2026-07-11
TXN00033,CUST0033,1499,failed,network_error,2,returning,2026-07-13
TXN00034,CUST0034,1999,success,,1,new,2026-06-23
TXN00035,CUST0035,499,success,,1,new,2026-08-06
TXN00036,CUST0036,4999,failed,insufficient_funds,3,loyal,2026-06-19
TXN00037,CUST0037,7999,failed,bank_declined,1,new,2026-06-26
TXN00038,CUST0038,7999,success,,1,new,2026-05-31
TXN00039,CUST0039,1499,failed,card_expired,1,loyal,2026-07-27
TXN00040,CUST0040,14999,success,,1,new,2026-08-02
TXN00041,CUST0041,14999,success,,1,returning,2026-07-23
TXN00042,CUST0042,1499,success,,1,returning,2026-07-10
TXN00043,CUST0043,1999,failed,card_expired,4,loyal,2026-07-05
TXN00044,CUST0044,999,success,,1,loyal,2026-07-25
TXN00045,CUST0045,1999,success,,1,new,2026-05-31
TXN00046,CUST0046,1499,failed,bank_timeout,4,new,2026-06-01
TXN00047,CUST0047,1999,success,,1,new,2026-08-02
TXN00048,CUST0048,7999,success,,1,new,2026-06-27
TXN00049,CUST0049,1999,success,,1,new,2026-08-01
TXN00050,CUST0050,1499,failed,bank_declined,1,new,2026-08-15
TXN00051,CUST0051,2999,success,,1,loyal,2026-08-03
TXN00052,CUST0052,4999,success,,1,new,2026-06-13
TXN00053,CUST0053,14999,success,,1,loyal,2026-08-15
TXN00054,CUST0054,999,success,,1,new,2026-05-29
TXN00055,CUST0055,14999,success,,1,loyal,2026-08-19
TXN00056,CUST0056,799,failed,insufficient_funds,3,loyal,2026-06-05
TXN00057,CUST0057,4999,success,,1,returning,2026-06-04
TXN00058,CUST0058,799,success,,1,loyal,2026-08-15
TXN00059,CUST0059,4999,success,,1,returning,2026-06-23
TXN00060,CUST0060,799,failed,bank_timeout,4,returning,2026-07-24
TXN00061,CUST0061,1999,success,,1,new,2026-06-04
TXN00062,CUST0062,799,success,,1,loyal,2026-06-22
TXN00063,CUST0063,2999,success,,1,new,2026-06-29
TXN00064,CUST0064,799,failed,card_expired,3,returning,2026-06-14
TXN00065,CUST0065,14999,success,,1,returning,2026-06-07
TXN00066,CUST0066,499,success,,1,returning,2026-08-20
TXN00067,CUST0067,4999,success,,1,returning,2026-07-26
TXN00068,CUST0068,799,failed,insufficient_funds,2,new,2026-07-06
TXN00069,CUST0069,1999,failed,bank_declined,3,new,2026-06-18
TXN00070,CUST0070,4999,success,,1,returning,2026-08-23
TXN00071,CUST0071,7999,success,,1,loyal,2026-06-04
TXN00072,CUST0072,799,success,,1,new,2026-08-17
TXN00073,CUST0073,14999,failed,insufficient_funds,4,loyal,2026-06-25
TXN00074,CUST0074,1999,success,,1,returning,2026-08-04
TXN00075,CUST0075,7999,failed,card_expired,3,loyal,2026-07-02
TXN00076,CUST0076,1499,success,,1,new,2026-08-24
TXN00077,CUST0077,1499,success,,1,loyal,2026-06-27
TXN00078,CUST0078,9999,success,,1,loyal,2026-07-29
TXN00079,CUST0079,4999,failed,bank_declined,3,new,2026-08-19
TXN00080,CUST0080,1999,success,,1,returning,2026-08-05
TXN00081,CUST0081,7999,success,,1,returning,2026-06-15
TXN00082,CUST0082,799,failed,bank_timeout,1,loyal,2026-06-26
TXN00083,CUST0083,9999,success,,1,new,2026-08-23
TXN00084,CUST0084,1999,success,,1,returning,2026-07-20
TXN00085,CUST0085,14999,failed,insufficient_funds,4,loyal,2026-08-18
TXN00086,CUST0086,999,success,,1,new,2026-06-13
TXN00087,CUST0087,9999,success,,1,new,2026-06-20
TXN00088,CUST0088,1499,success,,1,loyal,2026-08-10
TXN00089,CUST0089,7999,success,,1,new,2026-06-12
TXN00090,CUST0090,4999,failed,card_expired,2,returning,2026-05-30
TXN00091,CUST0091,7999,success,,1,loyal,2026-06-27
TXN00092,CUST0092,799,success,,1,returning,2026-08-25
TXN00093,CUST0093,999,success,,1,returning,2026-08-14
TXN00094,CUST0094,799,failed,card_expired,4,returning,2026-06-27
TXN00095,CUST0095,1499,success,,1,returning,2026-07-22
TXN00096,CUST0096,1499,success,,1,returning,2026-06-01
TXN00097,CUST0097,1999,success,,1,new,2026-08-06
TXN00098,CUST0098,9999,failed,card_expired,1,returning,2026-07-02
TXN00099,CUST0099,1999,success,,1,returning,2026-07-08
TXN00100,CUST0100,999,success,,1,returning,2026-06-29
TXN00101,CUST0101,799,success,,1,new,2026-06-18
TXN00102,CUST0102,7999,success,,1,new,2026-06-15
TXN00103,CUST0103,7999,success,,1,new,2026-06-22
TXN00104,CUST0104,1499,success,,1,returning,2026-07-04
TXN00105,CUST0105,1999,success,,1,loyal,2026-07-11
TXN00106,CUST0106,14999,failed,bank_timeout,3,loyal,2026-06-26
TXN00107,CUST0107,14999,success,,1,loyal,2026-06-04
TXN00108,CUST0108,1999,failed,insufficient_funds,3,new,2026-07-16
TXN00109,CUST0109,4999,failed,bank_declined,3,returning,2026-07-08
TXN00110,CUST0110,1499,failed,bank_timeout,3,loyal,2026-07-28
TXN00111,CUST0111,4999,success,,1,loyal,2026-06-25
TXN00112,CUST0112,1499,success,,1,returning,2026-08-24
TXN00113,CUST0113,4999,failed,card_expired,4,new,2026-07-26
TXN00114,CUST0114,1499,failed,bank_declined,1,loyal,2026-06-14
TXN00115,CUST0115,799,failed,insufficient_funds,3,new,2026-07-17
TXN00116,CUST0116,499,success,,1,returning,2026-08-09
TXN00117,CUST0117,9999,success,,1,returning,2026-07-02
TXN00118,CUST0118,499,success,,1,returning,2026-06-25
TXN00119,CUST0119,2999,failed,network_error,1,loyal,2026-06-22
TXN00120,CUST0120,1499,success,,1,loyal,2026-08-06
TXN00121,CUST0121,2999,success,,1,returning,2026-06-26
TXN00122,CUST0122,4999,success,,1,new,2026-08-18
TXN00123,CUST0123,999,success,,1,returning,2026-06-16
TXN00124,CUST0124,499,failed,bank_declined,1,returning,2026-07-04
TXN00125,CUST0125,9999,success,,1,new,2026-08-23
TXN00126,CUST0126,999,success,,1,returning,2026-06-20
TXN00127,CUST0127,2999,success,,1,returning,2026-08-24
TXN00128,CUST0128,799,success,,1,new,2026-05-30
TXN00129,CUST0129,14999,success,,1,new,2026-06-23
TXN00130,CUST0130,799,failed,bank_timeout,4,new,2026-07-01
TXN00131,CUST0131,9999,success,,1,new,2026-07-01
TXN00132,CUST0132,1999,success,,1,returning,2026-08-06
TXN00133,CUST0133,1999,failed,card_expired,2,returning,2026-06-10
TXN00134,CUST0134,799,success,,1,loyal,2026-07-14
TXN00135,CUST0135,1499,success,,1,new,2026-07-13
TXN00136,CUST0136,7999,failed,card_expired,1,returning,2026-06-21
TXN00137,CUST0137,14999,failed,bank_declined,3,new,2026-06-15
TXN00138,CUST0138,1499,success,,1,new,2026-08-05
TXN00139,CUST0139,2999,failed,network_error,4,returning,2026-06-27
TXN00140,CUST0140,4999,success,,1,returning,2026-08-06
TXN00141,CUST0141,999,failed,network_error,4,loyal,2026-07-12
TXN00142,CUST0142,2999,success,,1,loyal,2026-08-12
TXN00143,CUST0143,14999,success,,1,returning,2026-06-06
TXN00144,CUST0144,4999,failed,network_error,4,new,2026-06-20
TXN00145,CUST0145,1999,failed,bank_timeout,4,returning,2026-08-08
TXN00146,CUST0146,14999,success,,1,new,2026-08-09
TXN00147,CUST0147,9999,success,,1,loyal,2026-06-29
TXN00148,CUST0148,4999,failed,bank_timeout,2,new,2026-06-24
TXN00149,CUST0149,4999,success,,1,loyal,2026-08-04
TXN00150,CUST0150,1499,failed,card_expired,4,returning,2026-06-17
TXN00151,CUST0151,14999,success,,1,returning,2026-08-06
TXN00152,CUST0152,999,success,,1,new,2026-08-12
TXN00153,CUST0153,7999,failed,insufficient_funds,1,returning,2026-06-21
TXN00154,CUST0154,4999,success,,1,returning,2026-08-13
TXN00155,CUST0155,4999,success,,1,returning,2026-07-12
TXN00156,CUST0156,1999,failed,card_expired,4,new,2026-08-15
TXN00157,CUST0157,499,failed,network_error,3,loyal,2026-06-09
TXN00158,CUST0158,1999,success,,1,loyal,2026-08-11
TXN00159,CUST0159,9999,success,,1,returning,2026-07-03
TXN00160,CUST0160,1499,failed,card_expired,2,loyal,2026-06-24
TXN00161,CUST0161,9999,failed,insufficient_funds,4,loyal,2026-07-05
TXN00162,CUST0162,999,success,,1,new,2026-06-02
TXN00163,CUST0163,2999,success,,1,returning,2026-08-07
TXN00164,CUST0164,499,success,,1,returning,2026-06-01
TXN00165,CUST0165,2999,success,,1,new,2026-08-06
TXN00166,CUST0166,1499,success,,1,loyal,2026-06-25
TXN00167,CUST0167,9999,success,,1,new,2026-05-31
TXN00168,CUST0168,4999,success,,1,returning,2026-06-01
TXN00169,CUST0169,14999,success,,1,returning,2026-06-24
TXN00170,CUST0170,14999,success,,1,loyal,2026-07-17
TXN00171,CUST0171,14999,failed,bank_timeout,3,new,2026-06-18
TXN00172,CUST0172,14999,failed,bank_timeout,4,loyal,2026-06-11
TXN00173,CUST0173,799,success,,1,loyal,2026-08-19
TXN00174,CUST0174,799,success,,1,returning,2026-06-22
TXN00175,CUST0175,1999,success,,1,loyal,2026-07-15
TXN00176,CUST0176,9999,failed,bank_timeout,1,loyal,2026-07-04
TXN00177,CUST0177,7999,success,,1,returning,2026-06-24
TXN00178,CUST0178,1999,success,,1,loyal,2026-08-06
TXN00179,CUST0179,1499,success,,1,new,2026-06-17
TXN00180,CUST0180,799,success,,1,returning,2026-06-20
TXN00181,CUST0181,1999,failed,network_error,1,loyal,2026-07-20
TXN00182,CUST0182,2999,failed,card_expired,1,new,2026-06-06
TXN00183,CUST0183,2999,success,,1,new,2026-08-18
TXN00184,CUST0184,9999,success,,1,loyal,2026-06-19
TXN00185,CUST0185,1499,failed,bank_timeout,3,loyal,2026-06-05
TXN00186,CUST0186,999,failed,network_error,4,loyal,2026-07-15
TXN00187,CUST0187,1999,failed,bank_timeout,4,new,2026-08-02
TXN00188,CUST0188,1499,success,,1,returning,2026-06-26
TXN00189,CUST0189,7999,failed,card_expired,3,loyal,2026-06-27
TXN00190,CUST0190,799,success,,1,returning,2026-06-15
TXN00191,CUST0191,1999,failed,insufficient_funds,3,returning,2026-07-07
TXN00192,CUST0192,4999,success,,1,new,2026-07-08
TXN00193,CUST0193,1999,success,,1,new,2026-08-04
TXN00194,CUST0194,7999,failed,bank_timeout,4,loyal,2026-06-27
TXN00195,CUST0195,2999,success,,1,new,2026-07-09
TXN00196,CUST0196,7999,failed,bank_declined,3,returning,2026-07-11
TXN00197,CUST0197,7999,failed,insufficient_funds,1,returning,2026-08-01
TXN00198,CUST0198,999,success,,1,new,2026-07-30
TXN00199,CUST0199,1499,success,,1,new,2026-08-25
TXN00200,CUST0200,799,success,,1,returning,2026-06-08
TXN00201,CUST0201,1499,success,,1,new,2026-06-21
TXN00202,CUST0202,1999,success,,1,loyal,2026-06-02
TXN00203,CUST0203,799,success,,1,new,2026-06-12
TXN00204,CUST0204,2999,success,,1,returning,2026-08-19
TXN00205,CUST0205,7999,failed,bank_timeout,1,loyal,2026-07-11
TXN00206,CUST0206,14999,failed,card_expired,2,loyal,2026-07-01
TXN00207,CUST0207,14999,success,,1,returning,2026-08-02
TXN00208,CUST0208,799,success,,1,returning,2026-08-08
TXN00209,CUST0209,799,failed,bank_declined,3,returning,2026-08-03
TXN00210,CUST0210,1999,failed,insufficient_funds,3,returning,2026-07-24
TXN00211,CUST0211,999,failed,network_error,2,returning,2026-06-04
TXN00212,CUST0212,7999,failed,bank_timeout,2,new,2026-06-23
TXN00213,CUST0213,2999,failed,insufficient_funds,1,returning,2026-07-24
TXN00214,CUST0214,1999,success,,1,new,2026-07-27
TXN00215,CUST0215,4999,failed,insufficient_funds,2,new,2026-07-05
TXN00216,CUST0216,799,success,,1,loyal,2026-07-11
TXN00217,CUST0217,2999,success,,1,returning,2026-07-16
TXN00218,CUST0218,1499,success,,1,new,2026-07-11
TXN00219,CUST0219,4999,failed,bank_declined,2,loyal,2026-07-02
TXN00220,CUST0220,7999,success,,1,returning,2026-07-18
TXN00221,CUST0221,2999,success,,1,new,2026-06-29
TXN00222,CUST0222,499,success,,1,returning,2026-08-18
TXN00223,CUST0223,999,success,,1,loyal,2026-06-08
TXN00224,CUST0224,9999,success,,1,returning,2026-08-05
TXN00225,CUST0225,999,success,,1,new,2026-06-16
TXN00226,CUST0226,1499,success,,1,loyal,2026-08-04
TXN00227,CUST0227,799,success,,1,new,2026-07-02
TXN00228,CUST0228,2999,failed,bank_declined,3,loyal,2026-06-25
TXN00229,CUST0229,499,success,,1,loyal,2026-06-07
TXN00230,CUST0230,2999,success,,1,loyal,2026-07-09
TXN00231,CUST0231,9999,failed,bank_timeout,2,loyal,2026-06-03
TXN00232,CUST0232,2999,failed,card_expired,1,new,2026-06-15
TXN00233,CUST0233,2999,success,,1,new,2026-06-07
TXN00234,CUST0234,4999,success,,1,returning,2026-08-12
TXN00235,CUST0235,9999,success,,1,new,2026-05-30
TXN00236,CUST0236,1499,failed,card_expired,3,new,2026-06-15
TXN00237,CUST0237,9999,success,,1,loyal,2026-06-29
TXN00238,CUST0238,9999,success,,1,returning,2026-07-05
TXN00239,CUST0239,9999,success,,1,new,2026-07-18
TXN00240,CUST0240,799,success,,1,loyal,2026-06-09
TXN00241,CUST0241,9999,success,,1,new,2026-07-08
TXN00242,CUST0242,499,success,,1,new,2026-07-02
TXN00243,CUST0243,799,success,,1,loyal,2026-07-27
TXN00244,CUST0244,9999,failed,bank_timeout,3,returning,2026-06-09
TXN00245,CUST0245,999,failed,bank_declined,3,returning,2026-08-05
TXN00246,CUST0246,499,success,,1,loyal,2026-06-23
TXN00247,CUST0247,4999,success,,1,loyal,2026-06-17
TXN00248,CUST0248,14999,success,,1,loyal,2026-06-11
TXN00249,CUST0249,9999,failed,network_error,4,loyal,2026-08-08
TXN00250,CUST0250,9999,success,,1,new,2026-08-22
TXN00251,CUST0251,14999,success,,1,returning,2026-07-26
TXN00252,CUST0252,799,failed,card_expired,4,loyal,2026-06-08
TXN00253,CUST0253,2999,success,,1,loyal,2026-06-11
TXN00254,CUST0254,1499,success,,1,returning,2026-08-05
TXN00255,CUST0255,4999,success,,1,loyal,2026-07-29
TXN00256,CUST0256,499,failed,card_expired,3,returning,2026-07-12
TXN00257,CUST0257,1999,failed,bank_timeout,2,new,2026-07-21
TXN00258,CUST0258,7999,failed,card_expired,4,loyal,2026-07-27
TXN00259,CUST0259,1999,success,,1,new,2026-07-04
TXN00260,CUST0260,4999,success,,1,returning,2026-06-14
TXN00261,CUST0261,14999,success,,1,loyal,2026-08-23
TXN00262,CUST0262,499,success,,1,loyal,2026-07-23
TXN00263,CUST0263,499,success,,1,new,2026-08-18
TXN00264,CUST0264,499,success,,1,new,2026-05-31
TXN00265,CUST0265,9999,success,,1,returning,2026-06-03
TXN00266,CUST0266,999,success,,1,returning,2026-07-30
TXN00267,CUST0267,2999,success,,1,loyal,2026-08-21
TXN00268,CUST0268,1999,failed,card_expired,1,loyal,2026-07-10
TXN00269,CUST0269,14999,success,,1,new,2026-08-09
TXN00270,CUST0270,999,success,,1,returning,2026-07-28
TXN00271,CUST0271,999,success,,1,returning,2026-06-17
TXN00272,CUST0272,9999,success,,1,returning,2026-08-13
TXN00273,CUST0273,4999,success,,1,returning,2026-06-04
TXN00274,CUST0274,1999,success,,1,loyal,2026-08-17
TXN00275,CUST0275,1499,success,,1,new,2026-08-24
TXN00276,CUST0276,799,success,,1,returning,2026-06-27
TXN00277,CUST0277,799,failed,network_error,4,loyal,2026-08-18
TXN00278,CUST0278,1999,success,,1,returning,2026-07-26
TXN00279,CUST0279,1499,success,,1,new,2026-07-19
TXN00280,CUST0280,9999,success,,1,new,2026-06-13
TXN00281,CUST0281,1499,success,,1,returning,2026-06-23
TXN00282,CUST0282,4999,success,,1,loyal,2026-07-07
TXN00283,CUST0283,1499,failed,bank_timeout,2,returning,2026-07-07
TXN00284,CUST0284,799,failed,network_error,2,new,2026-06-16
TXN00285,CUST0285,9999,failed,network_error,1,loyal,2026-07-04
TXN00286,CUST0286,2999,failed,bank_timeout,1,loyal,2026-06-24
TXN00287,CUST0287,999,success,,1,new,2026-07-30
TXN00288,CUST0288,9999,success,,1,loyal,2026-08-25
TXN00289,CUST0289,1499,failed,card_expired,1,loyal,2026-08-17
TXN00290,CUST0290,7999,success,,1,new,2026-06-19
TXN00291,CUST0291,4999,success,,1,returning,2026-08-02
TXN00292,CUST0292,7999,success,,1,returning,2026-06-23
TXN00293,CUST0293,4999,success,,1,returning,2026-07-09
TXN00294,CUST0294,14999,success,,1,loyal,2026-07-10
TXN00295,CUST0295,4999,success,,1,returning,2026-08-23
TXN00296,CUST0296,1999,success,,1,returning,2026-07-13
TXN00297,CUST0297,1999,success,,1,returning,2026-05-30
TXN00298,CUST0298,7999,failed,bank_declined,2,loyal,2026-07-09
TXN00299,CUST0299,9999,success,,1,new,2026-06-16
TXN00300,CUST0300,4999,success,,1,returning,2026-07-06
TXN00301,CUST0301,14999,success,,1,loyal,2026-07-28
TXN00302,CUST0302,499,success,,1,loyal,2026-06-01
TXN00303,CUST0303,999,failed,bank_declined,2,returning,2026-07-24
TXN00304,CUST0304,799,success,,1,loyal,2026-08-09
TXN00305,CUST0305,4999,success,,1,returning,2026-08-19
TXN00306,CUST0306,2999,success,,1,new,2026-06-06
TXN00307,CUST0307,9999,failed,network_error,1,loyal,2026-07-23
TXN00308,CUST0308,9999,success,,1,new,2026-06-21
TXN00309,CUST0309,999,success,,1,loyal,2026-06-14
TXN00310,CUST0310,7999,success,,1,returning,2026-06-01
TXN00311,CUST0311,499,success,,1,new,2026-07-25
TXN00312,CUST0312,2999,success,,1,returning,2026-07-19
TXN00313,CUST0313,2999,success,,1,returning,2026-06-17
TXN00314,CUST0314,499,failed,bank_timeout,4,new,2026-06-14
TXN00315,CUST0315,999,failed,bank_declined,1,loyal,2026-08-24
TXN00316,CUST0316,9999,success,,1,returning,2026-06-18
TXN00317,CUST0317,14999,success,,1,returning,2026-06-11
TXN00318,CUST0318,1999,success,,1,new,2026-07-04
TXN00319,CUST0319,7999,success,,1,new,2026-08-17
TXN00320,CUST0320,999,success,,1,returning,2026-08-25
TXN00321,CUST0321,499,success,,1,new,2026-08-07
TXN00322,CUST0322,1499,failed,insufficient_funds,4,returning,2026-07-06
TXN00323,CUST0323,7999,success,,1,loyal,2026-06-30
TXN00324,CUST0324,1999,failed,card_expired,1,returning,2026-06-12
TXN00325,CUST0325,499,success,,1,returning,2026-07-26
TXN00326,CUST0326,4999,success,,1,loyal,2026-07-16
TXN00327,CUST0327,9999,success,,1,loyal,2026-07-24
TXN00328,CUST0328,1499,success,,1,returning,2026-07-16
TXN00329,CUST0329,999,success,,1,loyal,2026-06-15
TXN00330,CUST0330,999,success,,1,new,2026-06-10
TXN00331,CUST0331,1999,success,,1,new,2026-05-28
TXN00332,CUST0332,7999,success,,1,new,2026-08-17
TXN00333,CUST0333,2999,success,,1,new,2026-06-18
TXN00334,CUST0334,999,success,,1,loyal,2026-06-06
TXN00335,CUST0335,1499,success,,1,new,2026-06-29
TXN00336,CUST0336,14999,success,,1,returning,2026-08-02
TXN00337,CUST0337,4999,success,,1,returning,2026-07-18
TXN00338,CUST0338,799,success,,1,new,2026-06-09
TXN00339,CUST0339,999,success,,1,new,2026-06-27
TXN00340,CUST0340,14999,failed,insufficient_funds,3,loyal,2026-07-23
TXN00341,CUST0341,1999,failed,card_expired,3,new,2026-06-10
TXN00342,CUST0342,4999,success,,1,new,2026-08-21
TXN00343,CUST0343,4999,success,,1,returning,2026-08-18
TXN00344,CUST0344,14999,failed,bank_declined,3,returning,2026-05-31
TXN00345,CUST0345,7999,failed,insufficient_funds,4,returning,2026-07-24
TXN00346,CUST0346,14999,success,,1,returning,2026-08-19
TXN00347,CUST0347,499,failed,bank_timeout,4,new,2026-05-30
TXN00348,CUST0348,2999,success,,1,new,2026-06-20
TXN00349,CUST0349,999,success,,1,new,2026-06-27
TXN00350,CUST0350,1999,success,,1,loyal,2026-08-05
TXN00351,CUST0351,14999,failed,bank_declined,2,returning,2026-07-08
TXN00352,CUST0352,14999,failed,bank_timeout,3,new,2026-07-11
TXN00353,CUST0353,2999,failed,bank_timeout,4,returning,2026-07-06
TXN00354,CUST0354,999,success,,1,loyal,2026-05-31
TXN00355,CUST0355,9999,success,,1,new,2026-07-11
TXN00356,CUST0356,2999,success,,1,new,2026-06-12
TXN00357,CUST0357,14999,success,,1,new,2026-06-25
TXN00358,CUST0358,7999,success,,1,loyal,2026-06-17
TXN00359,CUST0359,999,success,,1,returning,2026-07-05
TXN00360,CUST0360,9999,success,,1,new,2026-06-07
TXN00361,CUST0361,1999,success,,1,loyal,2026-08-25
TXN00362,CUST0362,14999,success,,1,new,2026-08-11
TXN00363,CUST0363,999,failed,bank_declined,4,new,2026-06-20
TXN00364,CUST0364,4999,success,,1,returning,2026-08-18
TXN00365,CUST0365,7999,success,,1,loyal,2026-08-23
TXN00366,CUST0366,14999,success,,1,returning,2026-06-14
TXN00367,CUST0367,499,success,,1,returning,2026-08-17
TXN00368,CUST0368,9999,failed,insufficient_funds,4,new,2026-06-26
TXN00369,CUST0369,4999,success,,1,loyal,2026-06-18
TXN00370,CUST0370,499,failed,network_error,1,new,2026-07-03
TXN00371,CUST0371,7999,success,,1,loyal,2026-08-18
TXN00372,CUST0372,2999,success,,1,returning,2026-08-02
TXN00373,CUST0373,499,success,,1,new,2026-08-01
TXN00374,CUST0374,14999,success,,1,new,2026-07-16
TXN00375,CUST0375,7999,success,,1,returning,2026-07-28
TXN00376,CUST0376,4999,success,,1,loyal,2026-07-06
TXN00377,CUST0377,2999,success,,1,loyal,2026-08-12
TXN00378,CUST0378,4999,success,,1,loyal,2026-08-02
TXN00379,CUST0379,14999,success,,1,returning,2026-07-06
TXN00380,CUST0380,1499,success,,1,loyal,2026-06-03
TXN00381,CUST0381,1499,success,,1,new,2026-08-14
TXN00382,CUST0382,999,success,,1,loyal,2026-07-20
TXN00383,CUST0383,499,success,,1,new,2026-06-09
TXN00384,CUST0384,4999,success,,1,returning,2026-06-01
TXN00385,CUST0385,14999,failed,bank_declined,3,new,2026-06-02
TXN00386,CUST0386,9999,success,,1,returning,2026-07-28
TXN00387,CUST0387,9999,success,,1,new,2026-07-06
TXN00388,CUST0388,1999,success,,1,loyal,2026-06-06
TXN00389,CUST0389,14999,failed,bank_declined,2,returning,2026-06-21
TXN00390,CUST0390,14999,failed,bank_declined,2,returning,2026-07-01
TXN00391,CUST0391,14999,success,,1,new,2026-08-04
TXN00392,CUST0392,2999,success,,1,returning,2026-08-08
TXN00393,CUST0393,9999,success,,1,returning,2026-08-10
TXN00394,CUST0394,999,success,,1,returning,2026-08-20
TXN00395,CUST0395,14999,success,,1,new,2026-08-21
TXN00396,CUST0396,499,success,,1,returning,2026-05-30
TXN00397,CUST0397,7999,success,,1,new,2026-08-10
TXN00398,CUST0398,999,failed,bank_declined,3,loyal,2026-07-22
TXN00399,CUST0399,7999,success,,1,new,2026-06-16
TXN00400,CUST0400,7999,success,,1,loyal,2026-06-16
TXN00401,CUST0401,1499,success,,1,returning,2026-06-14
TXN00402,CUST0402,499,success,,1,returning,2026-06-17
TXN00403,CUST0403,14999,failed,network_error,3,returning,2026-07-25
TXN00404,CUST0404,799,success,,1,new,2026-08-23
TXN00405,CUST0405,4999,success,,1,loyal,2026-08-10
TXN00406,CUST0406,1999,failed,card_expired,4,new,2026-06-12
TXN00407,CUST0407,1999,success,,1,returning,2026-07-31
TXN00408,CUST0408,1499,failed,card_expired,2,new,2026-07-27
TXN00409,CUST0409,799,failed,network_error,3,loyal,2026-06-15
TXN00410,CUST0410,499,success,,1,loyal,2026-08-24
TXN00411,CUST0411,9999,success,,1,new,2026-07-18
TXN00412,CUST0412,14999,success,,1,loyal,2026-06-16
TXN00413,CUST0413,9999,success,,1,loyal,2026-07-02
TXN00414,CUST0414,799,success,,1,new,2026-07-03
TXN00415,CUST0415,2999,success,,1,new,2026-08-03
TXN00416,CUST0416,9999,success,,1,new,2026-07-15
TXN00417,CUST0417,1499,failed,insufficient_funds,3,new,2026-08-15
TXN00418,CUST0418,7999,success,,1,returning,2026-06-24
TXN00419,CUST0419,1499,success,,1,returning,2026-06-18
TXN00420,CUST0420,1499,success,,1,new,2026-07-17
TXN00421,CUST0421,2999,success,,1,returning,2026-08-04
TXN00422,CUST0422,999,success,,1,new,2026-06-12
TXN00423,CUST0423,7999,success,,1,loyal,2026-08-26
TXN00424,CUST0424,2999,success,,1,returning,2026-08-20
TXN00425,CUST0425,14999,success,,1,loyal,2026-08-03
TXN00426,CUST0426,999,failed,network_error,4,new,2026-06-13
TXN00427,CUST0427,999,success,,1,loyal,2026-06-16
TXN00428,CUST0428,9999,failed,bank_declined,2,returning,2026-06-25
TXN00429,CUST0429,999,success,,1,loyal,2026-08-16
TXN00430,CUST0430,1999,success,,1,loyal,2026-08-14
TXN00431,CUST0431,1999,success,,1,loyal,2026-07-01
TXN00432,CUST0432,4999,success,,1,new,2026-06-11
TXN00433,CUST0433,799,success,,1,returning,2026-08-12
TXN00434,CUST0434,1999,success,,1,returning,2026-07-16
TXN00435,CUST0435,9999,success,,1,returning,2026-06-17
TXN00436,CUST0436,1999,success,,1,loyal,2026-06-04
TXN00437,CUST0437,799,success,,1,returning,2026-08-09
TXN00438,CUST0438,2999,success,,1,new,2026-06-10
TXN00439,CUST0439,999,success,,1,returning,2026-07-04
TXN00440,CUST0440,499,failed,network_error,4,loyal,2026-07-07
TXN00441,CUST0441,1999,failed,insufficient_funds,4,new,2026-08-02
TXN00442,CUST0442,1999,success,,1,returning,2026-06-25
TXN00443,CUST0443,7999,success,,1,new,2026-07-08
TXN00444,CUST0444,7999,success,,1,loyal,2026-06-24
TXN00445,CUST0445,1999,success,,1,loyal,2026-07-24
TXN00446,CUST0446,499,success,,1,loyal,2026-07-19
TXN00447,CUST0447,9999,success,,1,loyal,2026-07-22
TXN00448,CUST0448,2999,failed,network_error,3,returning,2026-07-07
TXN00449,CUST0449,2999,failed,network_error,1,new,2026-08-18
TXN00450,CUST0450,1999,success,,1,returning,2026-08-07
TXN00451,CUST0451,14999,success,,1,loyal,2026-07-25
TXN00452,CUST0452,1499,failed,bank_declined,4,returning,2026-06-12
TXN00453,CUST0453,999,success,,1,returning,2026-05-29
TXN00454,CUST0454,1499,success,,1,loyal,2026-07-02
TXN00455,CUST0455,799,success,,1,new,2026-05-30
TXN00456,CUST0456,499,success,,1,returning,2026-06-24
TXN00457,CUST0457,9999,success,,1,loyal,2026-08-07
TXN00458,CUST0458,1499,success,,1,loyal,2026-06-07
TXN00459,CUST0459,499,failed,network_error,4,returning,2026-08-18
TXN00460,CUST0460,7999,failed,insufficient_funds,3,returning,2026-05-31
TXN00461,CUST0461,4999,success,,1,new,2026-05-29
TXN00462,CUST0462,7999,success,,1,loyal,2026-06-15
TXN00463,CUST0463,9999,success,,1,returning,2026-08-11
TXN00464,CUST0464,4999,success,,1,loyal,2026-07-01
TXN00465,CUST0465,4999,success,,1,loyal,2026-08-26
TXN00466,CUST0466,1999,success,,1,loyal,2026-08-08
TXN00467,CUST0467,7999,failed,insufficient_funds,3,returning,2026-07-31
TXN00468,CUST0468,499,failed,bank_declined,3,returning,2026-07-31
TXN00469,CUST0469,2999,failed,bank_timeout,2,new,2026-06-11
TXN00470,CUST0470,1999,failed,card_expired,1,new,2026-06-17
TXN00471,CUST0471,999,failed,insufficient_funds,1,loyal,2026-06-08
TXN00472,CUST0472,999,success,,1,new,2026-06-21
TXN00473,CUST0473,1499,success,,1,loyal,2026-07-04
TXN00474,CUST0474,4999,success,,1,returning,2026-07-11
TXN00475,CUST0475,14999,success,,1,loyal,2026-07-12
TXN00476,CUST0476,9999,success,,1,returning,2026-06-12
TXN00477,CUST0477,14999,success,,1,returning,2026-07-14
TXN00478,CUST0478,14999,success,,1,returning,2026-06-20
TXN00479,CUST0479,1999,failed,bank_timeout,3,returning,2026-07-24
TXN00480,CUST0480,499,success,,1,returning,2026-07-27
TXN00481,CUST0481,7999,failed,network_error,3,loyal,2026-08-16
TXN00482,CUST0482,499,success,,1,loyal,2026-08-01
TXN00483,CUST0483,9999,success,,1,new,2026-06-11
TXN00484,CUST0484,2999,failed,card_expired,1,returning,2026-08-03
TXN00485,CUST0485,2999,success,,1,returning,2026-07-13
TXN00486,CUST0486,2999,success,,1,returning,2026-07-06
TXN00487,CUST0487,999,success,,1,loyal,2026-05-28
TXN00488,CUST0488,2999,success,,1,returning,2026-08-01
TXN00489,CUST0489,499,success,,1,loyal,2026-07-08
TXN00490,CUST0490,4999,failed,network_error,4,new,2026-06-19
TXN00491,CUST0491,1499,success,,1,new,2026-06-12
TXN00492,CUST0492,1499,failed,insufficient_funds,2,returning,2026-07-14
TXN00493,CUST0493,7999,success,,1,loyal,2026-08-09
TXN00494,CUST0494,799,failed,bank_declined,4,loyal,2026-06-21
TXN00495,CUST0495,799,failed,insufficient_funds,2,loyal,2026-08-24
TXN00496,CUST0496,2999,failed,bank_timeout,2,new,2026-08-03
TXN00497,CUST0497,1999,failed,card_expired,4,returning,2026-06-14
TXN00498,CUST0498,499,success,,1,new,2026-07-02
TXN00499,CUST0499,9999,success,,1,new,2026-07-21
TXN00500,CUST0500,9999,success,,1,returning,2026-08-18
TXN00501,CUST0501,2999,failed,bank_timeout,4,loyal,2026-07-09
TXN00502,CUST0502,999,success,,1,new,2026-07-25
TXN00503,CUST0503,2999,failed,bank_declined,3,loyal,2026-08-13
TXN00504,CUST0504,4999,success,,1,loyal,2026-08-04
TXN00505,CUST0505,2999,success,,1,returning,2026-07-29
TXN00506,CUST0506,999,failed,bank_timeout,4,loyal,2026-07-29
TXN00507,CUST0507,4999,failed,insufficient_funds,1,returning,2026-08-21
TXN00508,CUST0508,799,success,,1,returning,2026-07-11
TXN00509,CUST0509,4999,success,,1,loyal,2026-08-12
TXN00510,CUST0510,1499,failed,bank_declined,4,loyal,2026-06-30
TXN00511,CUST0511,7999,success,,1,loyal,2026-07-20
TXN00512,CUST0512,499,failed,bank_declined,3,returning,2026-06-06
TXN00513,CUST0513,1999,success,,1,returning,2026-06-26
TXN00514,CUST0514,9999,success,,1,loyal,2026-06-30
TXN00515,CUST0515,9999,failed,bank_timeout,1,loyal,2026-08-16
TXN00516,CUST0516,1499,success,,1,new,2026-08-09
TXN00517,CUST0517,4999,success,,1,loyal,2026-08-25
TXN00518,CUST0518,7999,success,,1,loyal,2026-07-11
TXN00519,CUST0519,9999,failed,card_expired,4,new,2026-06-12
TXN00520,CUST0520,14999,success,,1,loyal,2026-06-28
TXN00521,CUST0521,799,success,,1,new,2026-06-11
TXN00522,CUST0522,14999,success,,1,loyal,2026-07-17
TXN00523,CUST0523,1999,success,,1,new,2026-06-11
TXN00524,CUST0524,499,failed,network_error,2,loyal,2026-06-19
TXN00525,CUST0525,14999,failed,insufficient_funds,4,returning,2026-07-25
TXN00526,CUST0526,7999,success,,1,new,2026-05-30
TXN00527,CUST0527,9999,success,,1,new,2026-07-30
TXN00528,CUST0528,9999,failed,network_error,2,returning,2026-05-29
TXN00529,CUST0529,14999,success,,1,loyal,2026-07-08
TXN00530,CUST0530,499,success,,1,returning,2026-07-28
TXN00531,CUST0531,999,success,,1,loyal,2026-05-29
TXN00532,CUST0532,799,failed,network_error,1,loyal,2026-06-14
TXN00533,CUST0533,799,failed,insufficient_funds,4,loyal,2026-07-14
TXN00534,CUST0534,999,success,,1,new,2026-05-29
TXN00535,CUST0535,4999,success,,1,returning,2026-07-31
TXN00536,CUST0536,4999,success,,1,new,2026-07-15
TXN00537,CUST0537,999,failed,insufficient_funds,3,loyal,2026-07-07
TXN00538,CUST0538,499,success,,1,new,2026-06-02
TXN00539,CUST0539,14999,failed,network_error,1,returning,2026-07-30
TXN00540,CUST0540,499,failed,bank_declined,2,returning,2026-08-05
TXN00541,CUST0541,1999,failed,network_error,3,returning,2026-08-21
TXN00542,CUST0542,499,success,,1,new,2026-08-10
TXN00543,CUST0543,2999,failed,card_expired,4,new,2026-06-22
TXN00544,CUST0544,799,success,,1,loyal,2026-08-19
TXN00545,CUST0545,1999,failed,bank_timeout,1,returning,2026-08-08
TXN00546,CUST0546,2999,success,,1,returning,2026-08-20
TXN00547,CUST0547,9999,success,,1,returning,2026-06-10
TXN00548,CUST0548,7999,failed,card_expired,2,loyal,2026-08-08
TXN00549,CUST0549,2999,success,,1,returning,2026-08-13
TXN00550,CUST0550,999,success,,1,returning,2026-07-19
TXN00551,CUST0551,999,success,,1,new,2026-07-12
TXN00552,CUST0552,499,success,,1,new,2026-07-27
TXN00553,CUST0553,2999,success,,1,new,2026-07-24
TXN00554,CUST0554,499,failed,card_expired,3,returning,2026-08-25
TXN00555,CUST0555,1999,success,,1,returning,2026-05-29
TXN00556,CUST0556,9999,success,,1,loyal,2026-07-26
TXN00557,CUST0557,4999,success,,1,returning,2026-07-26
TXN00558,CUST0558,4999,failed,card_expired,2,loyal,2026-08-12
TXN00559,CUST0559,1499,success,,1,loyal,2026-08-12
TXN00560,CUST0560,499,success,,1,new,2026-06-17
TXN00561,CUST0561,1499,failed,insufficient_funds,2,loyal,2026-07-05
TXN00562,CUST0562,9999,success,,1,new,2026-08-11
TXN00563,CUST0563,14999,failed,bank_declined,2,loyal,2026-08-21
TXN00564,CUST0564,499,success,,1,loyal,2026-07-28
TXN00565,CUST0565,7999,success,,1,returning,2026-07-13
TXN00566,CUST0566,7999,failed,insufficient_funds,3,returning,2026-07-24
TXN00567,CUST0567,14999,success,,1,returning,2026-07-07
TXN00568,CUST0568,1999,success,,1,new,2026-06-22
TXN00569,CUST0569,7999,success,,1,returning,2026-06-10
TXN00570,CUST0570,999,success,,1,new,2026-08-06
TXN00571,CUST0571,2999,success,,1,loyal,2026-06-24
TXN00572,CUST0572,14999,success,,1,loyal,2026-07-23
TXN00573,CUST0573,499,failed,network_error,2,returning,2026-08-02
TXN00574,CUST0574,799,success,,1,loyal,2026-06-02
TXN00575,CUST0575,7999,success,,1,new,2026-07-13
TXN00576,CUST0576,1499,success,,1,loyal,2026-08-20
TXN00577,CUST0577,999,success,,1,loyal,2026-06-19
TXN00578,CUST0578,2999,success,,1,returning,2026-06-08
TXN00579,CUST0579,1499,failed,bank_declined,4,new,2026-06-17
TXN00580,CUST0580,799,failed,bank_declined,2,returning,2026-07-24
TXN00581,CUST0581,7999,success,,1,new,2026-06-18
TXN00582,CUST0582,1999,success,,1,new,2026-07-14
TXN00583,CUST0583,1499,success,,1,returning,2026-08-09
TXN00584,CUST0584,9999,failed,card_expired,3,new,2026-07-07
TXN00585,CUST0585,4999,failed,bank_timeout,2,loyal,2026-07-06
TXN00586,CUST0586,9999,failed,insufficient_funds,2,loyal,2026-08-11
TXN00587,CUST0587,1999,success,,1,loyal,2026-06-03
TXN00588,CUST0588,4999,success,,1,loyal,2026-07-26
TXN00589,CUST0589,999,success,,1,loyal,2026-08-25
TXN00590,CUST0590,14999,success,,1,new,2026-07-24
TXN00591,CUST0591,799,success,,1,returning,2026-07-26
TXN00592,CUST0592,7999,success,,1,loyal,2026-08-23
TXN00593,CUST0593,799,success,,1,loyal,2026-07-31
TXN00594,CUST0594,999,failed,bank_timeout,2,loyal,2026-06-16
TXN00595,CUST0595,499,failed,card_expired,2,new,2026-06-14
TXN00596,CUST0596,14999,success,,1,returning,2026-07-07
TXN00597,CUST0597,1499,success,,1,new,2026-07-17
TXN00598,CUST0598,4999,success,,1,loyal,2026-07-10
TXN00599,CUST0599,9999,success,,1,new,2026-06-01
TXN00600,CUST0600,7999,success,,1,returning,2026-08-12
TXN00601,CUST0601,1999,failed,network_error,1,new,2026-06-09
TXN00602,CUST0602,9999,success,,1,new,2026-07-26
TXN00603,CUST0603,499,failed,card_expired,3,returning,2026-08-01
TXN00604,CUST0604,14999,success,,1,loyal,2026-05-30
TXN00605,CUST0605,7999,success,,1,loyal,2026-07-22
TXN00606,CUST0606,9999,success,,1,loyal,2026-07-08
TXN00607,CUST0607,499,success,,1,new,2026-06-13
TXN00608,CUST0608,1999,success,,1,loyal,2026-08-25
TXN00609,CUST0609,1999,success,,1,new,2026-06-25
TXN00610,CUST0610,14999,success,,1,loyal,2026-06-05
TXN00611,CUST0611,9999,failed,network_error,2,new,2026-06-26
TXN00612,CUST0612,14999,failed,card_expired,3,returning,2026-07-20
TXN00613,CUST0613,4999,failed,card_expired,3,returning,2026-06-23
TXN00614,CUST0614,7999,success,,1,new,2026-07-15
TXN00615,CUST0615,1999,success,,1,loyal,2026-07-27
TXN00616,CUST0616,799,success,,1,new,2026-07-08
TXN00617,CUST0617,799,success,,1,returning,2026-07-19
TXN00618,CUST0618,999,success,,1,new,2026-07-13
TXN00619,CUST0619,2999,failed,insufficient_funds,1,new,2026-07-09
TXN00620,CUST0620,999,success,,1,new,2026-07-29
TXN00621,CUST0621,1999,failed,insufficient_funds,2,new,2026-06-18
TXN00622,CUST0622,499,success,,1,new,2026-07-21
TXN00623,CUST0623,1999,success,,1,new,2026-08-15
TXN00624,CUST0624,999,success,,1,new,2026-06-20
TXN00625,CUST0625,499,failed,insufficient_funds,4,loyal,2026-06-11
TXN00626,CUST0626,1999,success,,1,loyal,2026-05-30
TXN00627,CUST0627,7999,failed,bank_declined,2,loyal,2026-06-29
TXN00628,CUST0628,499,failed,bank_declined,4,returning,2026-06-27
TXN00629,CUST0629,2999,success,,1,returning,2026-07-12
TXN00630,CUST0630,4999,failed,card_expired,3,new,2026-06-09
TXN00631,CUST0631,9999,success,,1,new,2026-08-04
TXN00632,CUST0632,799,success,,1,loyal,2026-07-27
TXN00633,CUST0633,799,success,,1,new,2026-07-18
TXN00634,CUST0634,799,failed,network_error,2,loyal,2026-07-09
TXN00635,CUST0635,7999,success,,1,new,2026-08-20
TXN00636,CUST0636,2999,success,,1,new,2026-07-11
TXN00637,CUST0637,7999,success,,1,returning,2026-07-31
TXN00638,CUST0638,499,success,,1,new,2026-07-04
TXN00639,CUST0639,799,failed,card_expired,3,loyal,2026-08-21
TXN00640,CUST0640,14999,success,,1,new,2026-07-31
TXN00641,CUST0641,4999,success,,1,new,2026-06-02
TXN00642,CUST0642,4999,success,,1,new,2026-07-01
TXN00643,CUST0643,9999,failed,network_error,1,returning,2026-06-12
TXN00644,CUST0644,14999,success,,1,loyal,2026-06-30
TXN00645,CUST0645,2999,failed,bank_timeout,2,new,2026-06-14
TXN00646,CUST0646,7999,failed,bank_declined,3,returning,2026-06-13
TXN00647,CUST0647,1499,failed,bank_timeout,3,loyal,2026-07-08
TXN00648,CUST0648,9999,success,,1,returning,2026-06-26
TXN00649,CUST0649,499,success,,1,new,2026-06-07
TXN00650,CUST0650,2999,success,,1,loyal,2026-06-12
TXN00651,CUST0651,799,success,,1,loyal,2026-06-24
TXN00652,CUST0652,2999,success,,1,new,2026-08-11
TXN00653,CUST0653,14999,success,,1,loyal,2026-07-26
TXN00654,CUST0654,7999,success,,1,returning,2026-07-09
TXN00655,CUST0655,499,failed,insufficient_funds,2,returning,2026-06-24
TXN00656,CUST0656,14999,success,,1,new,2026-07-30
TXN00657,CUST0657,9999,success,,1,new,2026-06-30
TXN00658,CUST0658,9999,failed,insufficient_funds,3,returning,2026-05-31
TXN00659,CUST0659,2999,failed,bank_declined,2,loyal,2026-07-15
TXN00660,CUST0660,2999,failed,bank_declined,3,new,2026-07-28
TXN00661,CUST0661,499,failed,insufficient_funds,2,loyal,2026-06-07
TXN00662,CUST0662,999,failed,network_error,4,loyal,2026-08-24
TXN00663,CUST0663,999,failed,bank_declined,4,new,2026-06-23
TXN00664,CUST0664,999,success,,1,loyal,2026-06-12
TXN00665,CUST0665,4999,success,,1,returning,2026-08-01
TXN00666,CUST0666,1499,failed,card_expired,1,loyal,2026-06-15
TXN00667,CUST0667,499,failed,card_expired,2,loyal,2026-07-19
TXN00668,CUST0668,799,failed,network_error,3,returning,2026-07-11
TXN00669,CUST0669,7999,success,,1,returning,2026-07-31
TXN00670,CUST0670,1999,failed,bank_timeout,3,new,2026-06-13
TXN00671,CUST0671,14999,success,,1,loyal,2026-05-30
TXN00672,CUST0672,1999,success,,1,returning,2026-06-03
TXN00673,CUST0673,2999,success,,1,loyal,2026-08-09
TXN00674,CUST0674,4999,failed,network_error,1,new,2026-08-15
TXN00675,CUST0675,9999,failed,card_expired,2,new,2026-06-10
TXN00676,CUST0676,9999,success,,1,returning,2026-07-31
TXN00677,CUST0677,799,success,,1,new,2026-08-21
TXN00678,CUST0678,799,success,,1,loyal,2026-07-26
TXN00679,CUST0679,1999,failed,bank_timeout,4,new,2026-06-20
TXN00680,CUST0680,4999,success,,1,loyal,2026-08-19
TXN00681,CUST0681,799,success,,1,new,2026-06-23
TXN00682,CUST0682,1999,success,,1,loyal,2026-05-29
TXN00683,CUST0683,9999,success,,1,new,2026-08-05
TXN00684,CUST0684,9999,success,,1,new,2026-07-24
TXN00685,CUST0685,14999,failed,bank_declined,2,loyal,2026-07-17
TXN00686,CUST0686,2999,success,,1,new,2026-07-31
TXN00687,CUST0687,499,success,,1,loyal,2026-07-28
TXN00688,CUST0688,4999,success,,1,new,2026-07-13
TXN00689,CUST0689,499,success,,1,new,2026-06-06
TXN00690,CUST0690,799,success,,1,returning,2026-06-02
TXN00691,CUST0691,14999,failed,bank_timeout,3,new,2026-05-28
TXN00692,CUST0692,14999,success,,1,loyal,2026-08-19
TXN00693,CUST0693,799,failed,insufficient_funds,4,loyal,2026-07-22
TXN00694,CUST0694,14999,success,,1,new,2026-07-15
TXN00695,CUST0695,1999,failed,insufficient_funds,1,returning,2026-06-30
TXN00696,CUST0696,7999,success,,1,returning,2026-07-25
TXN00697,CUST0697,4999,failed,bank_timeout,4,returning,2026-07-25
TXN00698,CUST0698,14999,success,,1,returning,2026-06-29
TXN00699,CUST0699,9999,success,,1,loyal,2026-08-19
TXN00700,CUST0700,1999,success,,1,returning,2026-06-03
TXN00701,CUST0701,499,failed,bank_declined,2,loyal,2026-05-31
TXN00702,CUST0702,1999,failed,bank_timeout,2,new,2026-06-07
TXN00703,CUST0703,999,success,,1,returning,2026-06-28
TXN00704,CUST0704,4999,success,,1,loyal,2026-07-27
TXN00705,CUST0705,9999,failed,insufficient_funds,1,loyal,2026-06-22
TXN00706,CUST0706,799,failed,insufficient_funds,2,new,2026-06-25
TXN00707,CUST0707,1499,success,,1,returning,2026-07-28
TXN00708,CUST0708,2999,success,,1,loyal,2026-07-27
TXN00709,CUST0709,4999,failed,insufficient_funds,2,new,2026-06-04
TXN00710,CUST0710,4999,failed,insufficient_funds,3,returning,2026-06-24
TXN00711,CUST0711,9999,success,,1,returning,2026-07-21
TXN00712,CUST0712,1999,success,,1,returning,2026-08-08
TXN00713,CUST0713,14999,failed,card_expired,3,new,2026-06-15
TXN00714,CUST0714,1999,failed,insufficient_funds,1,returning,2026-08-18
TXN00715,CUST0715,2999,success,,1,returning,2026-06-09
TXN00716,CUST0716,7999,success,,1,returning,2026-08-23
TXN00717,CUST0717,7999,success,,1,new,2026-07-15
TXN00718,CUST0718,9999,success,,1,loyal,2026-06-11
TXN00719,CUST0719,14999,success,,1,loyal,2026-08-03
TXN00720,CUST0720,2999,success,,1,new,2026-07-15
TXN00721,CUST0721,1499,success,,1,loyal,2026-08-20
TXN00722,CUST0722,9999,failed,card_expired,4,new,2026-07-06
TXN00723,CUST0723,2999,success,,1,loyal,2026-06-21
TXN00724,CUST0724,799,failed,card_expired,1,returning,2026-06-01
TXN00725,CUST0725,4999,success,,1,loyal,2026-06-19
TXN00726,CUST0726,799,success,,1,new,2026-07-23
TXN00727,CUST0727,999,success,,1,returning,2026-05-30
TXN00728,CUST0728,14999,success,,1,new,2026-07-05
TXN00729,CUST0729,9999,success,,1,loyal,2026-07-15
TXN00730,CUST0730,999,success,,1,loyal,2026-08-17
TXN00731,CUST0731,14999,success,,1,new,2026-08-21
TXN00732,CUST0732,9999,success,,1,new,2026-06-15
TXN00733,CUST0733,4999,success,,1,new,2026-07-24
TXN00734,CUST0734,999,failed,card_expired,3,loyal,2026-06-15
TXN00735,CUST0735,2999,success,,1,loyal,2026-07-11
TXN00736,CUST0736,1999,success,,1,returning,2026-08-23
TXN00737,CUST0737,1499,success,,1,loyal,2026-07-12
TXN00738,CUST0738,7999,failed,bank_declined,3,loyal,2026-06-24
TXN00739,CUST0739,999,failed,network_error,1,returning,2026-06-19
TXN00740,CUST0740,4999,success,,1,returning,2026-07-05
TXN00741,CUST0741,1499,failed,network_error,2,returning,2026-06-20
TXN00742,CUST0742,1499,success,,1,loyal,2026-06-30
TXN00743,CUST0743,7999,success,,1,loyal,2026-08-08
TXN00744,CUST0744,9999,success,,1,new,2026-08-12
TXN00745,CUST0745,1499,failed,bank_timeout,1,returning,2026-07-07
TXN00746,CUST0746,799,success,,1,loyal,2026-06-21
TXN00747,CUST0747,9999,success,,1,returning,2026-08-03
TXN00748,CUST0748,7999,failed,network_error,2,returning,2026-07-04
TXN00749,CUST0749,14999,success,,1,loyal,2026-07-18
TXN00750,CUST0750,9999,failed,card_expired,2,loyal,2026-07-30
TXN00751,CUST0751,2999,success,,1,returning,2026-06-27
TXN00752,CUST0752,1999,success,,1,loyal,2026-08-15
TXN00753,CUST0753,1499,success,,1,returning,2026-08-14
TXN00754,CUST0754,9999,failed,bank_declined,1,new,2026-06-11
TXN00755,CUST0755,4999,failed,bank_declined,1,loyal,2026-08-06
TXN00756,CUST0756,999,success,,1,returning,2026-08-12
TXN00757,CUST0757,999,success,,1,loyal,2026-07-21
TXN00758,CUST0758,4999,success,,1,new,2026-06-16
TXN00759,CUST0759,14999,failed,bank_timeout,3,new,2026-07-23
TXN00760,CUST0760,14999,success,,1,loyal,2026-06-27
TXN00761,CUST0761,2999,failed,insufficient_funds,4,returning,2026-06-14
TXN00762,CUST0762,999,success,,1,loyal,2026-07-26
TXN00763,CUST0763,7999,success,,1,new,2026-06-29
TXN00764,CUST0764,9999,failed,network_error,4,returning,2026-07-24
TXN00765,CUST0765,14999,success,,1,returning,2026-06-02
TXN00766,CUST0766,999,success,,1,returning,2026-08-09
TXN00767,CUST0767,4999,success,,1,new,2026-07-15
TXN00768,CUST0768,4999,success,,1,loyal,2026-06-06
TXN00769,CUST0769,999,success,,1,loyal,2026-06-13
TXN00770,CUST0770,999,success,,1,new,2026-06-08
TXN00771,CUST0771,799,success,,1,loyal,2026-07-22
TXN00772,CUST0772,1999,success,,1,new,2026-07-18
TXN00773,CUST0773,4999,success,,1,loyal,2026-06-12
TXN00774,CUST0774,1999,success,,1,loyal,2026-06-02
TXN00775,CUST0775,799,success,,1,loyal,2026-08-26
TXN00776,CUST0776,499,success,,1,returning,2026-06-06
TXN00777,CUST0777,999,failed,bank_declined,2,new,2026-05-29
TXN00778,CUST0778,14999,success,,1,returning,2026-06-14
TXN00779,CUST0779,999,failed,network_error,2,new,2026-08-23
TXN00780,CUST0780,1499,success,,1,returning,2026-07-14
TXN00781,CUST0781,14999,success,,1,new,2026-08-13
TXN00782,CUST0782,7999,success,,1,returning,2026-06-16
TXN00783,CUST0783,999,failed,bank_timeout,4,new,2026-06-18
TXN00784,CUST0784,2999,success,,1,new,2026-07-12
TXN00785,CUST0785,1499,failed,network_error,1,loyal,2026-08-05
TXN00786,CUST0786,7999,success,,1,new,2026-05-29
TXN00787,CUST0787,9999,success,,1,loyal,2026-07-18
TXN00788,CUST0788,2999,success,,1,loyal,2026-07-10
TXN00789,CUST0789,999,success,,1,loyal,2026-08-13
TXN00790,CUST0790,1999,success,,1,new,2026-07-09
TXN00791,CUST0791,799,failed,network_error,1,new,2026-07-28
TXN00792,CUST0792,4999,success,,1,returning,2026-08-03
TXN00793,CUST0793,4999,success,,1,new,2026-05-30
TXN00794,CUST0794,1499,success,,1,loyal,2026-08-25
TXN00795,CUST0795,799,success,,1,returning,2026-06-12
TXN00796,CUST0796,4999,success,,1,new,2026-08-13
TXN00797,CUST0797,799,success,,1,returning,2026-07-17
TXN00798,CUST0798,14999,success,,1,new,2026-07-30
TXN00799,CUST0799,999,success,,1,returning,2026-06-20
TXN00800,CUST0800,999,success,,1,new,2026-06-07
TXN00801,CUST0801,799,success,,1,returning,2026-06-23
TXN00802,CUST0802,7999,success,,1,returning,2026-07-29
TXN00803,CUST0803,2999,success,,1,new,2026-07-22
TXN00804,CUST0804,2999,success,,1,loyal,2026-06-20
TXN00805,CUST0805,4999,success,,1,loyal,2026-07-17
TXN00806,CUST0806,999,success,,1,returning,2026-08-06
TXN00807,CUST0807,7999,success,,1,loyal,2026-08-20
TXN00808,CUST0808,9999,success,,1,returning,2026-08-21
TXN00809,CUST0809,1999,failed,card_expired,2,new,2026-06-27
TXN00810,CUST0810,2999,failed,insufficient_funds,1,returning,2026-08-17
TXN00811,CUST0811,9999,success,,1,returning,2026-07-04
TXN00812,CUST0812,7999,success,,1,new,2026-08-11
TXN00813,CUST0813,999,success,,1,new,2026-06-26
TXN00814,CUST0814,799,success,,1,loyal,2026-06-16
TXN00815,CUST0815,7999,success,,1,loyal,2026-06-08
TXN00816,CUST0816,799,success,,1,returning,2026-07-10
TXN00817,CUST0817,1999,failed,network_error,1,new,2026-06-08
TXN00818,CUST0818,9999,failed,network_error,2,new,2026-08-06
TXN00819,CUST0819,9999,failed,bank_declined,3,new,2026-08-23
TXN00820,CUST0820,499,success,,1,returning,2026-06-28
TXN00821,CUST0821,799,success,,1,returning,2026-06-03
TXN00822,CUST0822,799,success,,1,returning,2026-08-19
TXN00823,CUST0823,4999,success,,1,loyal,2026-08-03
TXN00824,CUST0824,9999,success,,1,new,2026-06-25
TXN00825,CUST0825,14999,success,,1,loyal,2026-07-28
TXN00826,CUST0826,7999,success,,1,loyal,2026-08-23
TXN00827,CUST0827,799,success,,1,loyal,2026-05-29
TXN00828,CUST0828,799,failed,bank_declined,1,new,2026-07-25
TXN00829,CUST0829,9999,success,,1,loyal,2026-06-01
TXN00830,CUST0830,999,success,,1,loyal,2026-07-23
TXN00831,CUST0831,2999,success,,1,new,2026-08-04
TXN00832,CUST0832,9999,success,,1,new,2026-06-13
TXN00833,CUST0833,7999,success,,1,returning,2026-06-10
TXN00834,CUST0834,999,success,,1,loyal,2026-07-28
TXN00835,CUST0835,799,success,,1,new,2026-07-21
TXN00836,CUST0836,1499,failed,insufficient_funds,2,loyal,2026-06-25
TXN00837,CUST0837,1499,success,,1,loyal,2026-06-16
TXN00838,CUST0838,1499,success,,1,returning,2026-06-26
TXN00839,CUST0839,2999,success,,1,returning,2026-07-31
TXN00840,CUST0840,9999,success,,1,returning,2026-06-17
TXN00841,CUST0841,799,success,,1,new,2026-08-06
TXN00842,CUST0842,1499,success,,1,loyal,2026-06-04
TXN00843,CUST0843,1499,failed,insufficient_funds,3,new,2026-08-26
TXN00844,CUST0844,7999,success,,1,new,2026-08-20
TXN00845,CUST0845,14999,success,,1,returning,2026-07-20
TXN00846,CUST0846,499,failed,insufficient_funds,3,new,2026-06-23
TXN00847,CUST0847,999,failed,insufficient_funds,4,returning,2026-07-04
TXN00848,CUST0848,4999,success,,1,new,2026-08-13
TXN00849,CUST0849,4999,failed,insufficient_funds,3,new,2026-08-16
TXN00850,CUST0850,999,success,,1,loyal,2026-06-15
TXN00851,CUST0851,799,failed,card_expired,1,new,2026-08-07
TXN00852,CUST0852,7999,success,,1,returning,2026-07-19
TXN00853,CUST0853,4999,success,,1,new,2026-06-28
TXN00854,CUST0854,999,success,,1,loyal,2026-06-20
TXN00855,CUST0855,9999,success,,1,loyal,2026-06-29
TXN00856,CUST0856,2999,failed,card_expired,3,returning,2026-07-22
TXN00857,CUST0857,1499,success,,1,loyal,2026-08-14
TXN00858,CUST0858,1999,success,,1,loyal,2026-07-26
TXN00859,CUST0859,2999,failed,insufficient_funds,1,returning,2026-08-19
TXN00860,CUST0860,1499,success,,1,new,2026-06-17
TXN00861,CUST0861,499,success,,1,loyal,2026-05-31
TXN00862,CUST0862,799,success,,1,new,2026-08-16
TXN00863,CUST0863,4999,success,,1,loyal,2026-06-19
TXN00864,CUST0864,2999,success,,1,returning,2026-07-23
TXN00865,CUST0865,999,success,,1,loyal,2026-08-08
TXN00866,CUST0866,14999,failed,network_error,1,loyal,2026-08-16
TXN00867,CUST0867,7999,success,,1,returning,2026-07-09
TXN00868,CUST0868,7999,failed,bank_declined,4,new,2026-06-24
TXN00869,CUST0869,999,failed,bank_declined,3,loyal,2026-07-19
TXN00870,CUST0870,4999,failed,bank_timeout,2,returning,2026-07-02
TXN00871,CUST0871,14999,success,,1,returning,2026-07-07
TXN00872,CUST0872,1499,success,,1,returning,2026-08-08
TXN00873,CUST0873,1999,success,,1,loyal,2026-06-01
TXN00874,CUST0874,499,success,,1,loyal,2026-08-03
TXN00875,CUST0875,14999,success,,1,returning,2026-07-08
TXN00876,CUST0876,2999,success,,1,returning,2026-07-21
TXN00877,CUST0877,4999,failed,card_expired,4,new,2026-06-15
TXN00878,CUST0878,499,success,,1,new,2026-06-13
TXN00879,CUST0879,2999,success,,1,returning,2026-07-27
TXN00880,CUST0880,799,success,,1,new,2026-06-15
TXN00881,CUST0881,499,failed,insufficient_funds,4,loyal,2026-06-02
TXN00882,CUST0882,499,success,,1,loyal,2026-07-07
TXN00883,CUST0883,9999,success,,1,new,2026-08-12
TXN00884,CUST0884,4999,success,,1,loyal,2026-07-08
TXN00885,CUST0885,499,success,,1,returning,2026-07-11
TXN00886,CUST0886,499,failed,bank_declined,1,loyal,2026-07-17
TXN00887,CUST0887,14999,success,,1,loyal,2026-08-24
TXN00888,CUST0888,2999,success,,1,returning,2026-05-29
TXN00889,CUST0889,999,success,,1,returning,2026-06-20
TXN00890,CUST0890,1499,failed,card_expired,1,loyal,2026-08-24
TXN00891,CUST0891,1999,failed,card_expired,4,new,2026-07-25
TXN00892,CUST0892,1499,failed,bank_declined,2,loyal,2026-07-29
TXN00893,CUST0893,2999,success,,1,new,2026-06-06
TXN00894,CUST0894,999,success,,1,returning,2026-07-11
TXN00895,CUST0895,7999,success,,1,loyal,2026-06-01
TXN00896,CUST0896,999,success,,1,loyal,2026-07-25
TXN00897,CUST0897,9999,success,,1,loyal,2026-06-13
TXN00898,CUST0898,7999,success,,1,returning,2026-08-17
TXN00899,CUST0899,14999,success,,1,returning,2026-06-22
TXN00900,CUST0900,2999,success,,1,new,2026-08-02
TXN00901,CUST0901,999,success,,1,new,2026-07-09
TXN00902,CUST0902,999,success,,1,new,2026-07-30
TXN00903,CUST0903,2999,success,,1,loyal,2026-08-05
TXN00904,CUST0904,499,failed,card_expired,1,loyal,2026-06-29
TXN00905,CUST0905,1999,success,,1,loyal,2026-08-25
TXN00906,CUST0906,9999,success,,1,new,2026-08-05
TXN00907,CUST0907,14999,failed,card_expired,2,loyal,2026-06-11
TXN00908,CUST0908,9999,failed,network_error,3,returning,2026-06-29
TXN00909,CUST0909,9999,failed,card_expired,4,returning,2026-07-11
TXN00910,CUST0910,9999,success,,1,new,2026-08-21
TXN00911,CUST0911,999,success,,1,loyal,2026-06-14
TXN00912,CUST0912,14999,success,,1,returning,2026-08-09
TXN00913,CUST0913,14999,success,,1,new,2026-07-07
TXN00914,CUST0914,799,success,,1,new,2026-08-10
TXN00915,CUST0915,2999,success,,1,new,2026-07-28
TXN00916,CUST0916,4999,success,,1,loyal,2026-06-16
TXN00917,CUST0917,999,success,,1,loyal,2026-07-15
TXN00918,CUST0918,999,failed,insufficient_funds,3,returning,2026-07-06
TXN00919,CUST0919,999,failed,insufficient_funds,3,new,2026-07-07
TXN00920,CUST0920,499,failed,network_error,3,returning,2026-06-28
TXN00921,CUST0921,799,success,,1,returning,2026-06-05
TXN00922,CUST0922,1999,success,,1,loyal,2026-07-06
TXN00923,CUST0923,799,success,,1,new,2026-08-15
TXN00924,CUST0924,2999,failed,bank_declined,1,new,2026-07-16
TXN00925,CUST0925,14999,success,,1,new,2026-08-25
TXN00926,CUST0926,9999,success,,1,new,2026-07-27
TXN00927,CUST0927,7999,failed,insufficient_funds,2,returning,2026-08-09
TXN00928,CUST0928,4999,success,,1,returning,2026-06-22
TXN00929,CUST0929,14999,success,,1,returning,2026-07-18
TXN00930,CUST0930,7999,success,,1,returning,2026-06-14
TXN00931,CUST0931,7999,success,,1,new,2026-07-17
TXN00932,CUST0932,9999,success,,1,returning,2026-08-11
TXN00933,CUST0933,499,failed,card_expired,2,loyal,2026-07-28
TXN00934,CUST0934,799,success,,1,returning,2026-06-09
TXN00935,CUST0935,799,success,,1,loyal,2026-08-17
TXN00936,CUST0936,7999,success,,1,loyal,2026-08-03
TXN00937,CUST0937,1499,failed,bank_timeout,1,loyal,2026-06-28
TXN00938,CUST0938,2999,success,,1,loyal,2026-07-30
TXN00939,CUST0939,799,failed,network_error,2,returning,2026-08-05
TXN00940,CUST0940,2999,failed,bank_declined,1,loyal,2026-07-05
TXN00941,CUST0941,14999,success,,1,returning,2026-06-29
TXN00942,CUST0942,9999,success,,1,new,2026-07-06
TXN00943,CUST0943,799,success,,1,loyal,2026-06-30
TXN00944,CUST0944,999,success,,1,returning,2026-06-17
TXN00945,CUST0945,9999,success,,1,loyal,2026-08-05
TXN00946,CUST0946,4999,success,,1,loyal,2026-08-14
TXN00947,CUST0947,2999,success,,1,loyal,2026-07-25
TXN00948,CUST0948,1999,success,,1,new,2026-06-05
TXN00949,CUST0949,2999,success,,1,new,2026-07-31
TXN00950,CUST0950,1999,success,,1,returning,2026-08-03
TXN00951,CUST0951,999,success,,1,new,2026-06-05
TXN00952,CUST0952,2999,failed,bank_timeout,1,loyal,2026-06-22
TXN00953,CUST0953,14999,success,,1,new,2026-06-23
TXN00954,CUST0954,14999,success,,1,loyal,2026-07-07
TXN00955,CUST0955,999,failed,insufficient_funds,3,loyal,2026-06-14
TXN00956,CUST0956,4999,success,,1,loyal,2026-07-17
TXN00957,CUST0957,799,success,,1,new,2026-06-03
TXN00958,CUST0958,4999,success,,1,returning,2026-06-07
TXN00959,CUST0959,2999,failed,card_expired,3,returning,2026-08-15
TXN00960,CUST0960,799,success,,1,loyal,2026-07-30
TXN00961,CUST0961,1999,success,,1,new,2026-08-17
TXN00962,CUST0962,7999,success,,1,new,2026-07-17
TXN00963,CUST0963,499,success,,1,loyal,2026-07-04
TXN00964,CUST0964,1999,success,,1,new,2026-08-10
TXN00965,CUST0965,799,success,,1,loyal,2026-06-08
TXN00966,CUST0966,1999,success,,1,new,2026-08-16
TXN00967,CUST0967,499,success,,1,returning,2026-08-15
TXN00968,CUST0968,7999,success,,1,new,2026-07-01
TXN00969,CUST0969,2999,success,,1,loyal,2026-07-22
TXN00970,CUST0970,799,success,,1,returning,2026-06-13
TXN00971,CUST0971,4999,failed,bank_declined,2,new,2026-07-09
TXN00972,CUST0972,14999,success,,1,loyal,2026-07-02
TXN00973,CUST0973,7999,failed,insufficient_funds,4,returning,2026-06-22
TXN00974,CUST0974,999,success,,1,returning,2026-06-04
TXN00975,CUST0975,1499,success,,1,new,2026-05-28
TXN00976,CUST0976,499,success,,1,loyal,2026-08-23
TXN00977,CUST0977,799,failed,insufficient_funds,2,new,2026-06-11
TXN00978,CUST0978,4999,success,,1,new,2026-08-13
TXN00979,CUST0979,9999,success,,1,new,2026-05-30
TXN00980,CUST0980,999,success,,1,new,2026-06-17
TXN00981,CUST0981,1499,success,,1,new,2026-06-22
TXN00982,CUST0982,799,failed,network_error,1,returning,2026-07-28
TXN00983,CUST0983,1499,success,,1,loyal,2026-06-04
TXN00984,CUST0984,999,success,,1,new,2026-08-09
TXN00985,CUST0985,9999,success,,1,new,2026-06-15
TXN00986,CUST0986,999,success,,1,loyal,2026-05-29
TXN00987,CUST0987,4999,success,,1,new,2026-08-10
TXN00988,CUST0988,499,success,,1,new,2026-06-22
TXN00989,CUST0989,1999,success,,1,new,2026-06-24
TXN00990,CUST0990,499,success,,1,new,2026-06-04
TXN00991,CUST0991,14999,success,,1,new,2026-08-25
TXN00992,CUST0992,9999,success,,1,returning,2026-07-31
TXN00993,CUST0993,799,success,,1,loyal,2026-08-21
TXN00994,CUST0994,1999,success,,1,returning,2026-07-23
TXN00995,CUST0995,4999,success,,1,new,2026-08-02
TXN00996,CUST0996,999,success,,1,returning,2026-07-13
TXN00997,CUST0997,799,success,,1,loyal,2026-07-11
TXN00998,CUST0998,499,failed,bank_declined,3,loyal,2026-08-13
TXN00999,CUST0999,1999,success,,1,returning,2026-06-19
TXN01000,CUST1000,1499,success,,1,new,2026-06-01
